{
	"id": "b1692dc3-6788-052f-0203-0351c4af6cea",
	"name": "ITIS5180 InClass 09",
	"description": "PROD ENV",
	"order": [
		"b3897cec-dd8c-cde8-7b77-35c07f1599f1",
		"ce158a1a-e57f-c70c-bbb9-81d508e1aa04",
		"fe3e9f84-690f-aadd-0501-11128bb8a859",
		"c6471976-dd1c-13f6-54d4-e843c5b900e4",
		"d22088d2-67c2-19db-f146-5b174bd17ecf",
		"d8f8e144-dc29-76e7-8e09-77b5fbea09e8",
		"5f44b76c-6cab-8b73-4aee-970c4f26a26d"
	],
	"folders": [],
	"timestamp": 1490650954474,
	"owner": "1136213",
	"public": false,
	"requests": [
		{
			"id": "5f44b76c-6cab-8b73-4aee-970c4f26a26d",
			"headers": "Authorization: BEARER eyJ0eXAiOiJKV1QiLCJhbGciOiJIUzI1NiJ9.eyJpc3MiOiJodHRwczovL215ZG9tYWluLmNvbS8iLCJleHAiOjE0OTA2NTMwNjQsImlhdCI6MTQ5MDY1MTI2NCwiZW1haWwiOiJ1c2VyMUB0ZXN0Lm5ldCJ9.wbx7NrR8razxF2F4YYTvBiOHGytIyDn9_0bGEe2WpiM\nContent-Type: application/x-www-form-urlencoded\n",
			"url": "http://localhost:8080/controller/api/subscribe/channel",
			"preRequestScript": null,
			"pathVariables": {},
			"method": "POST",
			"data": [
				{
					"key": "channel_id",
					"value": "2",
					"type": "text",
					"enabled": true
				}
			],
			"dataMode": "urlencoded",
			"tests": null,
			"currentHelper": "normal",
			"helperAttributes": {},
			"time": 1490651307670,
			"name": "/api/subscribe/channel",
			"description": "",
			"collectionId": "b1692dc3-6788-052f-0203-0351c4af6cea",
			"responses": []
		},
		{
			"id": "b3897cec-dd8c-cde8-7b77-35c07f1599f1",
			"headers": "",
			"url": "http://52.90.79.130:8080/Groups/api/login",
			"preRequestScript": null,
			"pathVariables": {},
			"method": "POST",
			"data": [
				{
					"key": "email",
					"value": "user1@test.net",
					"type": "text",
					"enabled": true
				},
				{
					"key": "password",
					"value": "123456",
					"type": "text",
					"enabled": true
				}
			],
			"dataMode": "urlencoded",
			"tests": null,
			"currentHelper": "normal",
			"helperAttributes": {},
			"time": 1490651268922,
			"name": "/api/login",
			"description": "",
			"collectionId": "b1692dc3-6788-052f-0203-0351c4af6cea",
			"responses": []
		},
		{
			"id": "c6471976-dd1c-13f6-54d4-e843c5b900e4",
			"headers": "Authorization: BEARER eyJ0eXAiOiJKV1QiLCJhbGciOiJIUzI1NiJ9.eyJpc3MiOiJodHRwczovL215ZG9tYWluLmNvbS8iLCJleHAiOjE0OTA2NTMwNjQsImlhdCI6MTQ5MDY1MTI2NCwiZW1haWwiOiJ1c2VyMUB0ZXN0Lm5ldCJ9.wbx7NrR8razxF2F4YYTvBiOHGytIyDn9_0bGEe2WpiM\n",
			"url": "http://52.90.79.130:8080/Groups/api/get/channels",
			"preRequestScript": null,
			"pathVariables": {},
			"method": "GET",
			"data": [
				{
					"key": "newFile",
					"type": "file",
					"enabled": true
				}
			],
			"dataMode": "params",
			"tests": null,
			"currentHelper": "normal",
			"helperAttributes": {},
			"time": 1490651327540,
			"name": "/api/get/channels",
			"description": "",
			"collectionId": "b1692dc3-6788-052f-0203-0351c4af6cea",
			"responses": []
		},
		{
			"id": "ce158a1a-e57f-c70c-bbb9-81d508e1aa04",
			"headers": "",
			"url": "http://52.90.79.130:8080/Groups/api/signUp",
			"preRequestScript": null,
			"pathVariables": {},
			"method": "POST",
			"data": [
				{
					"key": "email",
					"value": "user1@test.net",
					"type": "text",
					"enabled": true
				},
				{
					"key": "password",
					"value": "123456",
					"type": "text",
					"enabled": true
				},
				{
					"key": "fname",
					"value": "Bob",
					"type": "text",
					"enabled": true
				},
				{
					"key": "lname",
					"value": "Smith",
					"type": "text",
					"enabled": true
				}
			],
			"dataMode": "urlencoded",
			"tests": null,
			"currentHelper": "normal",
			"helperAttributes": {},
			"time": 1490651147296,
			"name": "/api/signUp",
			"description": "",
			"collectionId": "b1692dc3-6788-052f-0203-0351c4af6cea",
			"responses": []
		},
		{
			"id": "d22088d2-67c2-19db-f146-5b174bd17ecf",
			"headers": "Authorization: BEARER eyJ0eXAiOiJKV1QiLCJhbGciOiJIUzI1NiJ9.eyJpc3MiOiJodHRwczovL215ZG9tYWluLmNvbS8iLCJleHAiOjE0OTA2NTMwNjQsImlhdCI6MTQ5MDY1MTI2NCwiZW1haWwiOiJ1c2VyMUB0ZXN0Lm5ldCJ9.wbx7NrR8razxF2F4YYTvBiOHGytIyDn9_0bGEe2WpiM\n",
			"url": "http://52.90.79.130:8080/Groups/api/get/messages?channel_id=1",
			"preRequestScript": null,
			"pathVariables": {},
			"method": "GET",
			"data": [
				{
					"key": "newFile",
					"type": "file",
					"enabled": true
				}
			],
			"dataMode": "params",
			"tests": null,
			"currentHelper": "normal",
			"helperAttributes": {},
			"time": 1490651355988,
			"name": "/api/get/messages",
			"description": "",
			"collectionId": "b1692dc3-6788-052f-0203-0351c4af6cea",
			"responses": []
		},
		{
			"id": "d8f8e144-dc29-76e7-8e09-77b5fbea09e8",
			"headers": "Authorization: BEARER eyJ0eXAiOiJKV1QiLCJhbGciOiJIUzI1NiJ9.eyJpc3MiOiJodHRwczovL215ZG9tYWluLmNvbS8iLCJleHAiOjE0OTA2NTMwNjQsImlhdCI6MTQ5MDY1MTI2NCwiZW1haWwiOiJ1c2VyMUB0ZXN0Lm5ldCJ9.wbx7NrR8razxF2F4YYTvBiOHGytIyDn9_0bGEe2WpiM\nContent-Type: application/x-www-form-urlencoded\n",
			"url": "http://52.90.79.130:8080/Groups/api/post/message",
			"preRequestScript": null,
			"pathVariables": {},
			"method": "POST",
			"data": [
				{
					"key": "msg_text",
					"value": "First for Channel 1 Message",
					"type": "text",
					"enabled": true
				},
				{
					"key": "msg_time",
					"value": "1336226509000",
					"type": "text",
					"enabled": true
				},
				{
					"key": "channel_id",
					"value": "1",
					"type": "text",
					"enabled": true
				}
			],
			"dataMode": "urlencoded",
			"tests": null,
			"currentHelper": "normal",
			"helperAttributes": {},
			"time": 1490651365884,
			"name": "/api/post/message",
			"description": "",
			"collectionId": "b1692dc3-6788-052f-0203-0351c4af6cea",
			"responses": []
		},
		{
			"id": "fe3e9f84-690f-aadd-0501-11128bb8a859",
			"headers": "Authorization: BEARER eyJ0eXAiOiJKV1QiLCJhbGciOiJIUzI1NiJ9.eyJpc3MiOiJodHRwczovL215ZG9tYWluLmNvbS8iLCJleHAiOjE0OTA2NTMwNjQsImlhdCI6MTQ5MDY1MTI2NCwiZW1haWwiOiJ1c2VyMUB0ZXN0Lm5ldCJ9.wbx7NrR8razxF2F4YYTvBiOHGytIyDn9_0bGEe2WpiM\n",
			"url": "http://52.90.79.130:8080/Groups/api/get/subscriptions",
			"preRequestScript": null,
			"pathVariables": {},
			"method": "GET",
			"data": [
				{
					"key": "newFile",
					"type": "file",
					"enabled": true
				}
			],
			"dataMode": "params",
			"tests": null,
			"currentHelper": "normal",
			"helperAttributes": {},
			"time": 1490651279408,
			"name": "/api/get/Subscriptions",
			"description": "",
			"collectionId": "b1692dc3-6788-052f-0203-0351c4af6cea",
			"responses": []
		}
	]
}